{"train_loss": [1.03317391872406, 1.1713975667953491, 1.0516612529754639, 0.6925160884857178, 0.7747708559036255, 1.2071993350982666, 1.087220549583435, 0.9368312954902649, 0.6124476790428162, 0.5974294543266296, 0.964539647102356, 0.6756860613822937, 0.771154522895813, 1.3049662113189697, 0.6936402320861816, 0.8923918008804321, 1.004737138748169, 0.43431395292282104, 0.2419910877943039, 1.1722562313079834, 0.38294678926467896, 0.772826611995697, 0.13335664570331573, 0.30897051095962524, 0.5262137651443481, 0.34863027930259705, 0.18438413739204407, 0.36116641759872437, 0.204691082239151, 0.8972411155700684], "train_acc": [0.6, 0.4, 0.6, 0.6, 0.8, 0.4, 0.8, 0.6, 0.8, 0.8, 0.6, 0.8, 0.6, 0.6, 0.6, 0.6, 0.4, 0.8, 1.0, 0.6, 0.8, 0.6, 1.0, 0.8, 0.8, 0.8, 1.0, 1.0, 1.0, 0.4], "val_loss": [0.7619014978408813, 0.5845584273338318, 0.46384137868881226, 0.3475745916366577, 0.2711831331253052, 0.2640715539455414, 0.27156227827072144, 0.33526840806007385, 0.3186057507991791, 0.27448904514312744, 0.24399946630001068, 0.20367133617401123, 0.21563981473445892, 0.21679416298866272, 0.22768950462341309, 0.21913230419158936, 0.23243793845176697, 0.23129725456237793, 0.19399592280387878, 0.13298383355140686, 0.09025952219963074, 0.08515790849924088, 0.0758989229798317, 0.06665762513875961, 0.06702806055545807, 0.06650175899267197, 0.06392310559749603, 0.07853204011917114, 0.10008430480957031, 0.10620521008968353], "val_acc": [1.0, 1.0, 1.0, 1.0, 1.0, 1.0, 1.0, 1.0, 1.0, 1.0, 1.0, 1.0, 1.0, 1.0, 1.0, 1.0, 1.0, 1.0, 1.0, 1.0, 1.0, 1.0, 1.0, 1.0, 1.0, 1.0, 1.0, 1.0, 1.0, 1.0], "best_val_acc": 1.0, "best_epoch": 1}