{"train_loss": [1.1593109369277954, 1.005906105041504, 0.5417982339859009, 0.8109123110771179, 0.6181753873825073, 1.0531814098358154, 0.8020216226577759, 0.8929046392440796, 0.41245079040527344, 0.2789737284183502, 0.30378371477127075, 0.7659069299697876, 0.5069354772567749, 0.2524256408214569, 0.8536128997802734, 0.6273167729377747, 0.11834611743688583, 0.30685341358184814, 0.4035627841949463, 0.21604099869728088, 0.030237942934036255, 0.1348472684621811, 0.0600459985435009, 0.04952467605471611, 0.04067414253950119, 0.034584708511829376, 0.004240374080836773, 0.24274758994579315, 0.2994175851345062, 0.16597101092338562], "train_acc": [0.2, 0.8, 1.0, 0.4, 0.8, 0.6, 0.6, 0.6, 0.8, 1.0, 1.0, 0.6, 0.6, 0.8, 0.6, 0.6, 1.0, 0.8, 0.8, 0.8, 1.0, 1.0, 1.0, 1.0, 1.0, 1.0, 1.0, 0.8, 0.8, 0.8], "val_loss": [1.386307716369629, 1.8606698513031006, 2.3761067390441895, 2.789539337158203, 3.128896713256836, 3.300560474395752, 3.398698329925537, 3.5412755012512207, 3.864774703979492, 4.4162797927856445, 5.1652116775512695, 5.808955192565918, 6.369607448577881, 6.801678657531738, 6.843317031860352, 6.413819313049316, 6.136739730834961, 6.211519241333008, 6.395329475402832, 6.723060607910156, 7.035783767700195, 7.46850061416626, 7.833240509033203, 8.271728515625, 8.762176513671875, 9.366270065307617, 9.969801902770996, 10.148472785949707, 9.903310775756836, 9.448614120483398], "val_acc": [0.0, 0.0, 0.0, 0.0, 0.0, 0.0, 0.0, 0.0, 0.0, 0.0, 0.0, 0.0, 0.0, 0.0, 0.0, 0.0, 0.0, 0.0, 0.0, 0.0, 0.0, 0.0, 0.0, 0.0, 0.0, 0.0, 0.0, 0.0, 0.0, 0.0], "best_val_acc": 0.0, "best_epoch": 0}